{
"lengthUnit": "mil",
"remark": [],
"components": {
	"fields": ["COMPONENT_NO", "COMPONENT_NAME", "LAYER", "X_COORDINATE", "Y_COORDINATE", "ANGLE"],
	"rows": [
		[1, "C7", "T", -246.6555, 834.4085, 270],
		[2, "C9", "T", 540.0435, -750.827, 270],
		[3, "C11", "T", 610, -750, 270],
		[4, "C12", "T", -565, -635, 0],
		[5, "C13", "T", -315, 835, 270],
		[6, "C14", "T", -435, -855, 0],
		[7, "C15", "T", -535, -280, 180],
		[8, "C16", "T", -535, -350, 180],
		[9, "C18", "T", -531.5378, -62.5667, 180],
		[10, "C19", "T", -531.5378, 7.4333, 180],
		[11, "D1", "T", -810, 210, 180],
		[12, "DC1", "T", -615, 500, 0],
		[13, "F1", "T", -570, -705, 0],
		[14, "LED2", "T", -300, -1160, 180],
		[15, "LED3", "T", -415, 160, 180],
		[16, "Q1", "T", 170, 140, 180],
		[17, "Q2", "T", 170, 5, 180],
		[18, "Q3", "T", 170, -130, 180],
		[19, "Q4", "T", 170.9905, -266.4565, 180],
		[20, "Q5", "T", 170, -400, 180],
		[21, "R1", "T", 555, -1185, 270],
		[22, "R2", "T", 555, -1020, 270],
		[23, "R3", "T", -430, -1195, 180],
		[24, "R4", "T", -430, -1135, 180],
		[25, "R5", "T", 20, 175, 180],
		[26, "R6", "T", 20, 105, 180],
		[27, "R7", "T", 20, 30, 180],
		[28, "R8", "T", 20, -40, 180],
		[29, "R9", "T", 20, -105, 180],
		[30, "R10", "T", 20, -170, 180],
		[31, "R11", "T", 20, -240, 180],
		[32, "R12", "T", 20, -310, 180],
		[33, "R13", "T", 20, -375, 180],
		[34, "R14", "T", 20, -440, 180],
		[35, "R15", "T", -530, 125, 180],
		[36, "R16", "T", -530, 185, 180],
		[37, "SCREW1", "T", -882.2, 1084.4445, 0],
		[38, "SCREW2", "T", 593.085, 1084.4445, 0],
		[39, "SCREW3", "T", -880, -1490, 0],
		[40, "SCREW4", "T", 588.655, -1490.5555, 0],
		[41, "SW1", "T", -810, -660, 0],
		[42, "SW2", "T", -785, -1285, 180],
		[43, "U2", "T", 188.3445, 704.4085, 270],
		[44, "U5", "T", -790, -315, 0],
		[45, "U6", "T", 130, -905, 180],
		[46, "U25", "T", 410, -85, 90],
		[47, "U26", "T", 490, -85, 90],
		[48, "U27", "T", -435, -985, 270],
		[49, "U28", "T", -791.9855, -38.0145, 0],
		[50, "USB1", "T", -760, -975, 270],
		[51, "PAD1", "T", -246.6555, 806.8485, 0],
		[52, "PAD2", "T", -246.6555, 861.9685, 0],
		[53, "PAD3", "T", -126.6195, 980.0025, 0],
		[54, "PAD4", "T", -126.6195, 901.2625, 0],
		[55, "PAD5", "T", -126.6195, 822.5225, 0],
		[56, "PAD6", "T", -126.6195, 743.7825, 0],
		[57, "PAD7", "T", 503.3005, 428.8225, 0],
		[58, "PAD8", "T", 503.3005, 665.0425, 0],
		[59, "PAD9", "T", 503.3005, 743.7825, 0],
		[60, "PAD10", "T", 503.3005, 822.5225, 0],
		[61, "PAD11", "T", 503.3005, 901.2025, 0],
		[62, "PAD12", "T", 503.3005, 980.0025, 0],
		[63, "PAD13", "T", -906.927, -314.999, 0],
		[64, "PAD14", "T", -673.067, -224.449, 0],
		[65, "PAD15", "T", -673.067, -314.999, 0],
		[66, "PAD16", "T", -673.067, -405.549, 0],
		[67, "PAD17", "T", 540.0435, -778.387, 0],
		[68, "PAD18", "T", 540.0435, -723.267, 0],
		[69, "PAD19", "T", 555, -1214.66, 0],
		[70, "PAD20", "T", 555, -1155.34, 0],
		[71, "PAD21", "T", 555, -1049.66, 0],
		[72, "PAD22", "T", 555, -990.34, 0],
		[73, "PAD23", "T", -896.02, -660, 0],
		[74, "PAD24", "T", -723.98, -660, 0],
		[75, "PAD25", "T", -698.98, -1285, 0],
		[76, "PAD26", "T", -871.02, -1285, 0],
		[77, "PAD27", "T", 435.12, -1210.12, 0],
		[78, "PAD28", "T", 435.12, -1052.64, 0],
		[79, "PAD29", "T", 435.12, -973.9, 0],
		[80, "PAD30", "T", 435.12, -895.16, 0],
		[81, "PAD31", "T", 435.12, -816.42, 0],
		[82, "PAD32", "T", 435.12, -737.68, 0],
		[83, "PAD33", "T", 435.12, -658.94, 0],
		[84, "PAD34", "T", 326.85, -599.88, 0],
		[85, "PAD35", "T", 248.11, -599.88, 0],
		[86, "PAD36", "T", 169.37, -599.88, 0],
		[87, "PAD37", "T", 90.63, -599.88, 0],
		[88, "PAD38", "T", 11.89, -599.88, 0],
		[89, "PAD39", "T", -66.85, -599.88, 0],
		[90, "PAD40", "T", -175.12, -658.94, 0],
		[91, "PAD41", "T", -175.12, -737.68, 0],
		[92, "PAD42", "T", -175.12, -816.42, 0],
		[93, "PAD43", "T", -175.12, -895.16, 0],
		[94, "PAD44", "T", -175.12, -973.9, 0],
		[95, "PAD45", "T", -175.12, -1052.64, 0],
		[96, "PAD46", "T", -175.12, -1131.38, 0],
		[97, "PAD47", "T", -175.12, -1210.12, 0],
		[98, "PAD48", "T", 410, -399.96, 0],
		[99, "PAD48", "B", 410, -399.96, 0],
		[100, "PAD49", "T", 410, -321.22, 0],
		[101, "PAD49", "B", 410, -321.22, 0],
		[102, "PAD50", "T", 410, -242.48, 0],
		[103, "PAD50", "B", 410, -242.48, 0],
		[104, "PAD51", "T", 410, -163.74, 0],
		[105, "PAD51", "B", 410, -163.74, 0],
		[106, "PAD52", "T", 410, -85, 0],
		[107, "PAD52", "B", 410, -85, 0],
		[108, "PAD53", "T", 410, -6.26, 0],
		[109, "PAD53", "B", 410, -6.26, 0],
		[110, "PAD54", "T", 410, 72.48, 0],
		[111, "PAD54", "B", 410, 72.48, 0],
		[112, "PAD55", "T", 410, 151.22, 0],
		[113, "PAD55", "B", 410, 151.22, 0],
		[114, "PAD56", "T", 410, 229.96, 0],
		[115, "PAD56", "B", 410, 229.96, 0],
		[116, "PAD57", "T", 490, -399.96, 0],
		[117, "PAD57", "B", 490, -399.96, 0],
		[118, "PAD58", "T", 490, -321.22, 0],
		[119, "PAD58", "B", 490, -321.22, 0],
		[120, "PAD59", "T", 490, -242.48, 0],
		[121, "PAD59", "B", 490, -242.48, 0],
		[122, "PAD60", "T", 490, -163.74, 0],
		[123, "PAD60", "B", 490, -163.74, 0],
		[124, "PAD61", "T", 490, -85, 0],
		[125, "PAD61", "B", 490, -85, 0],
		[126, "PAD62", "T", 490, -6.26, 0],
		[127, "PAD62", "B", 490, -6.26, 0],
		[128, "PAD63", "T", 490, 72.48, 0],
		[129, "PAD63", "B", 490, 72.48, 0],
		[130, "PAD64", "T", 490, 151.22, 0],
		[131, "PAD64", "B", 490, 151.22, 0],
		[132, "PAD65", "T", 490, 229.96, 0],
		[133, "PAD65", "B", 490, 229.96, 0],
		[134, "PAD66", "T", 610, -777.56, 0],
		[135, "PAD67", "T", 610, -722.44, 0],
		[136, "PAD68", "T", -537.44, -635, 0],
		[137, "PAD69", "T", -592.56, -635, 0],
		[138, "PAD70", "T", -315, 807.44, 0],
		[139, "PAD71", "T", -315, 862.56, 0],
		[140, "PAD72", "T", -407.44, -855, 0],
		[141, "PAD73", "T", -462.56, -855, 0],
		[142, "PAD74", "T", -562.56, -280, 0],
		[143, "PAD75", "T", -507.44, -280, 0],
		[144, "PAD76", "T", -562.56, -350, 0],
		[145, "PAD77", "T", -507.44, -350, 0],
		[146, "PAD78", "T", -559.0978, -62.5667, 0],
		[147, "PAD79", "T", -503.9778, -62.5667, 0],
		[148, "PAD80", "T", -559.0978, 7.4333, 0],
		[149, "PAD81", "T", -503.9778, 7.4333, 0],
		[150, "PAD82", "T", -896.61, 210, 0],
		[151, "PAD83", "T", -723.39, 210, 0],
		[152, "PAD84", "T", -518.541, 555.119, 0],
		[153, "PAD84", "B", -518.541, 555.119, 0],
		[154, "PAD85", "T", -711.461, 555.119, 0],
		[155, "PAD85", "B", -711.461, 555.119, 0],
		[156, "PAD86", "T", -620.901, 444.879, 0],
		[157, "PAD86", "B", -620.901, 444.879, 0],
		[158, "PAD87", "T", -540.34, -705, 0],
		[159, "PAD88", "T", -599.66, -705, 0],
		[160, "PAD89", "T", -328.54, -1143.27, 0],
		[161, "PAD90", "T", -328.54, -1176.73, 0],
		[162, "PAD91", "T", -271.46, -1143.27, 0],
		[163, "PAD92", "T", -271.46, -1176.73, 0],
		[164, "PAD93", "T", -459.66, -1195, 0],
		[165, "PAD94", "T", -400.34, -1195, 0],
		[166, "PAD95", "T", -459.66, -1135, 0],
		[167, "PAD96", "T", -400.34, -1135, 0],
		[168, "PAD97", "T", -518.07, -945.63, 0],
		[169, "PAD98", "T", -518.07, -965.32, 0],
		[170, "PAD99", "T", -518.07, -985, 0],
		[171, "PAD100", "T", -351.93, -945.63, 0],
		[172, "PAD101", "T", -351.93, -965.32, 0],
		[173, "PAD102", "T", -351.93, -985, 0],
		[174, "PAD103", "T", -351.93, -1004.69, 0],
		[175, "PAD104", "T", -908.9125, -38.0135, 0],
		[176, "PAD105", "T", -675.0525, 52.5365, 0],
		[177, "PAD106", "T", -675.0525, -38.0135, 0],
		[178, "PAD107", "T", -675.0525, -128.5635, 0],
		[179, "PAD108", "T", -666.99, -849.01, 0],
		[180, "PAD109", "T", -666.99, -880.51, 0],
		[181, "PAD110", "T", -666.99, -1100.98, 0],
		[182, "PAD111", "T", -666.99, -1069.49, 0],
		[183, "PAD112", "T", -666.99, -1004.53, 0],
		[184, "PAD113", "T", -666.99, -984.84, 0],
		[185, "PAD114", "T", -666.99, -965.16, 0],
		[186, "PAD115", "T", -666.99, -945.47, 0],
		[187, "PAD116", "T", -853.01, -1145.08, 0],
		[188, "PAD116", "B", -853.01, -1145.08, 0],
		[189, "PAD117", "T", -853.01, -804.92, 0],
		[190, "PAD117", "B", -853.01, -804.92, 0],
		[191, "PAD118", "T", -689.63, -1145.08, 0],
		[192, "PAD118", "B", -689.63, -1145.08, 0],
		[193, "PAD119", "T", -689.63, -804.92, 0],
		[194, "PAD119", "B", -689.63, -804.92, 0],
		[195, "PAD120", "T", 130.63, 177.4, 0],
		[196, "PAD121", "T", 130.63, 102.6, 0],
		[197, "PAD122", "T", 209.37, 140, 0],
		[198, "PAD123", "T", 130.63, 42.4, 0],
		[199, "PAD124", "T", 130.63, -32.4, 0],
		[200, "PAD125", "T", 209.37, 5, 0],
		[201, "PAD126", "T", 130.63, -92.6, 0],
		[202, "PAD127", "T", 130.63, -167.4, 0],
		[203, "PAD128", "T", 209.37, -130, 0],
		[204, "PAD129", "T", 131.6205, -229.0565, 0],
		[205, "PAD130", "T", 131.6205, -303.8565, 0],
		[206, "PAD131", "T", 210.3605, -266.4565, 0],
		[207, "PAD132", "T", 130.63, -362.6, 0],
		[208, "PAD133", "T", 130.63, -437.4, 0],
		[209, "PAD134", "T", 209.37, -400, 0],
		[210, "PAD135", "T", -9.66, 175, 0],
		[211, "PAD136", "T", 49.66, 175, 0],
		[212, "PAD137", "T", -9.66, 105, 0],
		[213, "PAD138", "T", 49.66, 105, 0],
		[214, "PAD139", "T", -9.66, 30, 0],
		[215, "PAD140", "T", 49.66, 30, 0],
		[216, "PAD141", "T", -9.66, -40, 0],
		[217, "PAD142", "T", 49.66, -40, 0],
		[218, "PAD143", "T", -9.66, -105, 0],
		[219, "PAD144", "T", 49.66, -105, 0],
		[220, "PAD145", "T", -9.66, -170, 0],
		[221, "PAD146", "T", 49.66, -170, 0],
		[222, "PAD147", "T", -9.66, -240, 0],
		[223, "PAD148", "T", 49.66, -240, 0],
		[224, "PAD149", "T", -9.66, -310, 0],
		[225, "PAD150", "T", 49.66, -310, 0],
		[226, "PAD151", "T", -9.66, -375, 0],
		[227, "PAD152", "T", 49.66, -375, 0],
		[228, "PAD153", "T", -9.66, -440, 0],
		[229, "PAD154", "T", 49.66, -440, 0],
		[230, "PAD155", "T", -443.54, 176.73, 0],
		[231, "PAD156", "T", -443.54, 143.27, 0],
		[232, "PAD157", "T", -386.46, 176.73, 0],
		[233, "PAD158", "T", -386.46, 143.27, 0],
		[234, "PAD159", "T", -559.66, 125, 0],
		[235, "PAD160", "T", -500.34, 125, 0],
		[236, "PAD161", "T", -559.66, 185, 0],
		[237, "PAD162", "T", -500.34, 185, 0],
		[238, "PAD163", "T", -882.2, 1084.4445, 0],
		[239, "PAD163", "B", -882.2, 1084.4445, 0],
		[240, "PAD164", "T", 593.085, 1084.4445, 0],
		[241, "PAD164", "B", 593.085, 1084.4445, 0],
		[242, "PAD165", "T", -880, -1490, 0],
		[243, "PAD165", "B", -880, -1490, 0],
		[244, "PAD166", "T", 588.655, -1490.5555, 0],
		[245, "PAD166", "B", 588.655, -1490.5555, 0]
	]
},
"pins": {
	"fields": ["PIN_NO", "PIN_NAME", "PIN_X", "PIN_Y", "LAYER", "PIN_TYPE", "NET_NAME", "NET_TYPE", "PAD_SHAPE", "PAD_SIZEX", "PAD_SIZEY", "HOLE_SIZE", "HOLE_LEN", "PAD_ANGLE"],
	"rows": [
		[1, "C7_1", -246.6555, 861.9685, "T", "SMD", "GND", "GND", "R", 31.496, 35.433, 0, 0, 270],
		[2, "C7_2", -246.6555, 806.8485, "T", "SMD", "+3.3V", "", "R", 31.496, 35.433, 0, 0, 270],
		[3, "C9_1", 540.0435, -723.267, "T", "SMD", "GND", "GND", "R", 31.496, 35.433, 0, 0, 270],
		[4, "C9_2", 540.0435, -778.387, "T", "SMD", "+3.3V", "", "R", 31.496, 35.433, 0, 0, 270],
		[5, "C11_1", 610, -722.44, "T", "SMD", "GND", "GND", "R", 31.496, 35.433, 0, 0, 270],
		[6, "C11_2", 610, -777.56, "T", "SMD", "+3.3V", "", "R", 31.496, 35.433, 0, 0, 270],
		[7, "C12_1", -592.56, -635, "T", "SMD", "GND", "GND", "R", 31.496, 35.433, 0, 0, 0],
		[8, "C12_2", -537.44, -635, "T", "SMD", "+5V", "", "R", 31.496, 35.433, 0, 0, 0],
		[9, "C13_1", -315, 862.56, "T", "SMD", "GND", "GND", "R", 31.496, 35.433, 0, 0, 270],
		[10, "C13_2", -315, 807.44, "T", "SMD", "+3.3V", "", "R", 31.496, 35.433, 0, 0, 270],
		[11, "C14_1", -462.56, -855, "T", "SMD", "GND", "GND", "R", 31.496, 35.433, 0, 0, 0],
		[12, "C14_2", -407.44, -855, "T", "SMD", "+3.3V", "", "R", 31.496, 35.433, 0, 0, 0],
		[13, "C15_1", -507.44, -280, "T", "SMD", "GND", "GND", "R", 31.496, 35.433, 0, 0, 180],
		[14, "C15_2", -562.56, -280, "T", "SMD", "+5V", "", "R", 31.496, 35.433, 0, 0, 180],
		[15, "C16_1", -507.44, -350, "T", "SMD", "GND", "GND", "R", 31.496, 35.433, 0, 0, 180],
		[16, "C16_2", -562.56, -350, "T", "SMD", "+3.3V", "", "R", 31.496, 35.433, 0, 0, 180],
		[17, "C18_1", -503.9778, -62.5667, "T", "SMD", "GND", "GND", "R", 31.496, 35.433, 0, 0, 180],
		[18, "C18_2", -559.0978, -62.5667, "T", "SMD", "+5V", "", "R", 31.496, 35.433, 0, 0, 180],
		[19, "C19_1", -503.9778, 7.4333, "T", "SMD", "GND", "GND", "R", 31.496, 35.433, 0, 0, 180],
		[20, "C19_2", -559.0978, 7.4333, "T", "SMD", "$1N11147", "", "R", 31.496, 35.433, 0, 0, 180],
		[21, "D1_1", -723.39, 210, "T", "SMD", "$1N11147", "", "R", 78.74, 78.74, 0, 0, 0],
		[22, "D1_2", -896.61, 210, "T", "SMD", "$1N14428", "", "R", 78.74, 78.74, 0, 0, 0],
		[23, "DC1_1", -518.541, 555.119, "T", "DIP", "$1N14428", "", "O", 74.803, 59.055, 35.434, 51.182, 90],
		[24, "DC1_1", -518.541, 555.119, "B", "DIP", "$1N14428", "", "O", 74.803, 59.055, 35.434, 51.182, 90],
		[25, "DC1_2", -711.461, 555.119, "T", "DIP", "GND", "GND", "O", 74.803, 59.055, 35.434, 51.182, 90],
		[26, "DC1_2", -711.461, 555.119, "B", "DIP", "GND", "GND", "O", 74.803, 59.055, 35.434, 51.182, 90],
		[27, "DC1_3", -620.901, 444.879, "T", "DIP", "GND", "GND", "O", 74.803, 59.055, 35.434, 51.182, 180],
		[28, "DC1_3", -620.901, 444.879, "B", "DIP", "GND", "GND", "O", 74.803, 59.055, 35.434, 51.182, 180],
		[29, "F1_1", -599.66, -705, "T", "SMD", "VBUS", "", "R", 31.751, 34.016, 0, 0, 0],
		[30, "F1_2", -540.34, -705, "T", "SMD", "+5V", "", "R", 31.751, 34.016, 0, 0, 0],
		[31, "LED2_1", -271.46, -1176.73, "T", "SMD", "TX", "", "R", 33.465, 23.622, 0, 0, 180],
		[32, "LED2_2", -328.54, -1176.73, "T", "SMD", "$1N9518", "", "R", 33.465, 23.622, 0, 0, 180],
		[33, "LED2_3", -328.54, -1143.27, "T", "SMD", "$1N9520", "", "R", 33.465, 23.622, 0, 0, 180],
		[34, "LED2_4", -271.46, -1143.27, "T", "SMD", "RX", "", "R", 33.465, 23.622, 0, 0, 180],
		[35, "LED3_1", -386.46, 143.27, "T", "SMD", "GND", "GND", "R", 33.465, 23.622, 0, 0, 180],
		[36, "LED3_2", -443.54, 143.27, "T", "SMD", "$1N12736", "", "R", 33.465, 23.622, 0, 0, 180],
		[37, "LED3_3", -443.54, 176.73, "T", "SMD", "$1N12778", "", "R", 33.465, 23.622, 0, 0, 180],
		[38, "LED3_4", -386.46, 176.73, "T", "SMD", "GND", "GND", "R", 33.465, 23.622, 0, 0, 180],
		[39, "Q1_1", 130.63, 177.4, "T", "SMD", "+3.3V", "", "R", 49.213, 27.559, 0, 0, 180],
		[40, "Q1_2", 130.63, 102.6, "T", "SMD", "P5", "", "R", 49.213, 27.559, 0, 0, 180],
		[41, "Q1_3", 209.37, 140, "T", "SMD", "SCL", "", "R", 49.213, 27.559, 0, 0, 180],
		[42, "Q2_1", 130.63, 42.4, "T", "SMD", "+3.3V", "", "R", 49.213, 27.559, 0, 0, 180],
		[43, "Q2_2", 130.63, -32.4, "T", "SMD", "P4", "", "R", 49.213, 27.559, 0, 0, 180],
		[44, "Q2_3", 209.37, 5, "T", "SMD", "SDA", "", "R", 49.213, 27.559, 0, 0, 180],
		[45, "Q3_1", 130.63, -92.6, "T", "SMD", "+3.3V", "", "R", 49.213, 27.559, 0, 0, 180],
		[46, "Q3_2", 130.63, -167.4, "T", "SMD", "MOSI", "", "R", 49.213, 27.559, 0, 0, 180],
		[47, "Q3_3", 209.37, -130, "T", "SMD", "MOSI_H", "", "R", 49.213, 27.559, 0, 0, 180],
		[48, "Q4_1", 131.6205, -229.0565, "T", "SMD", "+3.3V", "", "R", 49.213, 27.559, 0, 0, 180],
		[49, "Q4_2", 131.6205, -303.8565, "T", "SMD", "MISO", "", "R", 49.213, 27.559, 0, 0, 180],
		[50, "Q4_3", 210.3605, -266.4565, "T", "SMD", "MISO_H", "", "R", 49.213, 27.559, 0, 0, 180],
		[51, "Q5_1", 130.63, -362.6, "T", "SMD", "+3.3V", "", "R", 49.213, 27.559, 0, 0, 180],
		[52, "Q5_2", 130.63, -437.4, "T", "SMD", "SCK", "", "R", 49.213, 27.559, 0, 0, 180],
		[53, "Q5_3", 209.37, -400, "T", "SMD", "SCK_H", "", "R", 49.213, 27.559, 0, 0, 180],
		[54, "R1_1", 555, -1155.34, "T", "SMD", "+3.3V", "", "R", 31.751, 34.016, 0, 0, 270],
		[55, "R1_2", 555, -1214.66, "T", "SMD", "$1N5147", "", "R", 31.751, 34.016, 0, 0, 270],
		[56, "R2_1", 555, -990.34, "T", "SMD", "+3.3V", "", "R", 31.751, 34.016, 0, 0, 270],
		[57, "R2_2", 555, -1049.66, "T", "SMD", "$1N5142", "", "R", 31.751, 34.016, 0, 0, 270],
		[58, "R3_1", -400.34, -1195, "T", "SMD", "$1N9518", "", "R", 31.751, 34.016, 0, 0, 180],
		[59, "R3_2", -459.66, -1195, "T", "SMD", "+5V", "", "R", 31.751, 34.016, 0, 0, 180],
		[60, "R4_1", -400.34, -1135, "T", "SMD", "$1N9520", "", "R", 31.751, 34.016, 0, 0, 180],
		[61, "R4_2", -459.66, -1135, "T", "SMD", "+5V", "", "R", 31.751, 34.016, 0, 0, 180],
		[62, "R5_1", 49.66, 175, "T", "SMD", "P5", "", "R", 31.751, 34.016, 0, 0, 180],
		[63, "R5_2", -9.66, 175, "T", "SMD", "+3.3V", "", "R", 31.751, 34.016, 0, 0, 180],
		[64, "R6_1", 49.66, 105, "T", "SMD", "SCL", "", "R", 31.751, 34.016, 0, 0, 180],
		[65, "R6_2", -9.66, 105, "T", "SMD", "+5V", "", "R", 31.751, 34.016, 0, 0, 180],
		[66, "R7_1", 49.66, 30, "T", "SMD", "P4", "", "R", 31.751, 34.016, 0, 0, 180],
		[67, "R7_2", -9.66, 30, "T", "SMD", "+3.3V", "", "R", 31.751, 34.016, 0, 0, 180],
		[68, "R8_1", 49.66, -40, "T", "SMD", "SDA", "", "R", 31.751, 34.016, 0, 0, 180],
		[69, "R8_2", -9.66, -40, "T", "SMD", "+5V", "", "R", 31.751, 34.016, 0, 0, 180],
		[70, "R9_1", 49.66, -105, "T", "SMD", "MOSI", "", "R", 31.751, 34.016, 0, 0, 180],
		[71, "R9_2", -9.66, -105, "T", "SMD", "+3.3V", "", "R", 31.751, 34.016, 0, 0, 180],
		[72, "R10_1", 49.66, -170, "T", "SMD", "MOSI_H", "", "R", 31.751, 34.016, 0, 0, 180],
		[73, "R10_2", -9.66, -170, "T", "SMD", "+5V", "", "R", 31.751, 34.016, 0, 0, 180],
		[74, "R11_1", 49.66, -240, "T", "SMD", "MISO", "", "R", 31.751, 34.016, 0, 0, 180],
		[75, "R11_2", -9.66, -240, "T", "SMD", "+3.3V", "", "R", 31.751, 34.016, 0, 0, 180],
		[76, "R12_1", 49.66, -310, "T", "SMD", "MISO_H", "", "R", 31.751, 34.016, 0, 0, 180],
		[77, "R12_2", -9.66, -310, "T", "SMD", "+5V", "", "R", 31.751, 34.016, 0, 0, 180],
		[78, "R13_1", 49.66, -375, "T", "SMD", "SCK", "", "R", 31.751, 34.016, 0, 0, 180],
		[79, "R13_2", -9.66, -375, "T", "SMD", "+3.3V", "", "R", 31.751, 34.016, 0, 0, 180],
		[80, "R14_1", 49.66, -440, "T", "SMD", "SCK_H", "", "R", 31.751, 34.016, 0, 0, 180],
		[81, "R14_2", -9.66, -440, "T", "SMD", "+5V", "", "R", 31.751, 34.016, 0, 0, 180],
		[82, "R15_1", -500.34, 125, "T", "SMD", "$1N12736", "", "R", 31.751, 34.016, 0, 0, 180],
		[83, "R15_2", -559.66, 125, "T", "SMD", "+5V", "", "R", 31.751, 34.016, 0, 0, 180],
		[84, "R16_1", -500.34, 185, "T", "SMD", "$1N12778", "", "R", 31.751, 34.016, 0, 0, 180],
		[85, "R16_2", -559.66, 185, "T", "SMD", "+3.3V", "", "R", 31.751, 34.016, 0, 0, 180],
		[86, "SCREW1_1", -882.2, 1084.4445, "T", "DIP", "GND", "GND", "C", 118.1102, 118.1102, 78.7402, 78.7402, 0],
		[87, "SCREW1_1", -882.2, 1084.4445, "B", "DIP", "GND", "GND", "C", 118.1102, 118.1102, 78.7402, 78.7402, 0],
		[88, "SCREW2_1", 593.085, 1084.4445, "T", "DIP", "GND", "GND", "C", 118.1102, 118.1102, 78.7402, 78.7402, 0],
		[89, "SCREW2_1", 593.085, 1084.4445, "B", "DIP", "GND", "GND", "C", 118.1102, 118.1102, 78.7402, 78.7402, 0],
		[90, "SCREW3_1", -880, -1490, "T", "DIP", "GND", "GND", "C", 118.1102, 118.1102, 78.7402, 78.7402, 0],
		[91, "SCREW3_1", -880, -1490, "B", "DIP", "GND", "GND", "C", 118.1102, 118.1102, 78.7402, 78.7402, 0],
		[92, "SCREW4_1", 588.655, -1490.5555, "T", "DIP", "GND", "GND", "C", 118.1102, 118.1102, 78.7402, 78.7402, 0],
		[93, "SCREW4_1", 588.655, -1490.5555, "B", "DIP", "GND", "GND", "C", 118.1102, 118.1102, 78.7402, 78.7402, 0],
		[94, "SW1_1", -896.02, -660, "T", "SMD", "GND", "GND", "R", 48.425, 53.543, 0, 0, 0],
		[95, "SW1_2", -723.98, -660, "T", "SMD", "+3.3V", "", "R", 48.425, 53.543, 0, 0, 0],
		[96, "SW2_1", -698.98, -1285, "T", "SMD", "$1N5632", "", "R", 48.425, 53.543, 0, 0, 180],
		[97, "SW2_2", -871.02, -1285, "T", "SMD", "GND", "GND", "R", 48.425, 53.543, 0, 0, 180],
		[98, "U2_1", -126.6195, 980.0025, "T", "SMD", "GND", "GND", "R", 86.614, 55.118, 0, 0, 0],
		[99, "U2_2", -126.6195, 901.2625, "T", "SMD", "GND", "GND", "R", 86.614, 55.118, 0, 0, 0],
		[100, "U2_3", -126.6195, 822.5225, "T", "SMD", "+3.3V", "", "R", 86.614, 55.118, 0, 0, 0],
		[101, "U2_4", -126.6195, 743.7825, "T", "SMD", "RES", "", "R", 86.614, 55.118, 0, 0, 0],
		[102, "U2_5", -126.6195, 665.0425, "T", "SMD", "NET_1", "", "R", 86.614, 55.118, 0, 0, 0],
		[103, "U2_6", -126.6195, 586.3025, "T", "SMD", "NET_2", "", "R", 86.614, 55.118, 0, 0, 0],
		[104, "U2_7", -126.6195, 507.5625, "T", "SMD", "NET_3", "", "R", 86.614, 55.118, 0, 0, 0],
		[105, "U2_8", -126.6195, 428.8225, "T", "SMD", "NET_4", "", "R", 86.614, 55.118, 0, 0, 0],
		[106, "U2_9", 503.3005, 428.8225, "T", "SMD", "GND", "GND", "R", 86.614, 55.118, 0, 0, 0],
		[107, "U2_10", 503.3005, 507.5625, "T", "SMD", "NET_5", "", "R", 86.614, 55.118, 0, 0, 0],
		[108, "U2_11", 503.3005, 586.3025, "T", "SMD", "NET_6", "", "R", 86.614, 55.118, 0, 0, 0],
		[109, "U2_12", 503.3005, 665.0425, "T", "SMD", "SCK", "", "R", 86.614, 55.118, 0, 0, 0],
		[110, "U2_13", 503.3005, 743.7825, "T", "SMD", "MISO", "", "R", 86.614, 55.118, 0, 0, 0],
		[111, "U2_14", 503.3005, 822.5225, "T", "SMD", "MOSI", "", "R", 86.614, 55.118, 0, 0, 0],
		[112, "U2_15", 503.3005, 901.2025, "T", "SMD", "SS", "", "R", 86.614, 55.118, 0, 0, 0],
		[113, "U2_16", 503.3005, 980.0025, "T", "SMD", "GND", "GND", "R", 86.614, 55.118, 0, 0, 0],
		[114, "U5_1", -673.067, -405.549, "T", "SMD", "GND", "GND", "R", 98.425, 43.307, 0, 0, 0],
		[115, "U5_2", -673.067, -314.999, "T", "SMD", "+3.3V", "", "R", 98.425, 43.307, 0, 0, 0],
		[116, "U5_3", -673.067, -224.449, "T", "SMD", "+5V", "", "R", 98.425, 43.307, 0, 0, 0],
		[117, "U5_4", -906.927, -314.999, "T", "SMD", "+3.3V", "", "R", 92.126, 141.732, 0, 0, 0],
		[118, "U6_1", 435.12, -1210.12, "T", "SMD", "$1N5147", "", "R", 59.055, 39.37, 0, 0, 180],
		[119, "U6_2", 435.12, -1131.38, "T", "SMD", "NET_7", "", "R", 59.055, 39.37, 0, 0, 180],
		[120, "U6_3", 435.12, -1052.64, "T", "SMD", "$1N5142", "", "R", 59.055, 39.37, 0, 0, 180],
		[121, "U6_4", 435.12, -973.9, "T", "SMD", "P16", "", "R", 59.055, 39.37, 0, 0, 180],
		[122, "U6_5", 435.12, -895.16, "T", "SMD", "P14", "", "R", 59.055, 39.37, 0, 0, 180],
		[123, "U6_6", 435.12, -816.42, "T", "SMD", "P12", "", "R", 59.055, 39.37, 0, 0, 180],
		[124, "U6_7", 435.12, -737.68, "T", "SMD", "P13", "", "R", 59.055, 39.37, 0, 0, 180],
		[125, "U6_8", 435.12, -658.94, "T", "SMD", "+3.3V", "", "R", 59.055, 39.37, 0, 0, 180],
		[126, "U6_9", 326.85, -599.88, "T", "SMD", "SS", "", "R", 59.055, 39.37, 0, 0, 270],
		[127, "U6_10", 248.11, -599.88, "T", "SMD", "MISO", "", "R", 59.055, 39.37, 0, 0, 270],
		[128, "U6_11", 169.37, -599.88, "T", "SMD", "P9", "", "R", 59.055, 39.37, 0, 0, 270],
		[129, "U6_12", 90.63, -599.88, "T", "SMD", "P10", "", "R", 59.055, 39.37, 0, 0, 270],
		[130, "U6_13", 11.89, -599.88, "T", "SMD", "MOSI", "", "R", 59.055, 39.37, 0, 0, 270],
		[131, "U6_14", -66.85, -599.88, "T", "SMD", "SCK", "", "R", 59.055, 39.37, 0, 0, 270],
		[132, "U6_15", -175.12, -658.94, "T", "SMD", "GND", "GND", "R", 59.055, 39.37, 0, 0, 0],
		[133, "U6_16", -175.12, -737.68, "T", "SMD", "GND", "GND", "R", 59.055, 39.37, 0, 0, 0],
		[134, "U6_17", -175.12, -816.42, "T", "SMD", "RES", "", "R", 59.055, 39.37, 0, 0, 0],
		[135, "U6_18", -175.12, -895.16, "T", "SMD", "$1N5632", "", "R", 59.055, 39.37, 0, 0, 0],
		[136, "U6_19", -175.12, -973.9, "T", "SMD", "P4", "", "R", 59.055, 39.37, 0, 0, 0],
		[137, "U6_20", -175.12, -1052.64, "T", "SMD", "P5", "", "R", 59.055, 39.37, 0, 0, 0],
		[138, "U6_21", -175.12, -1131.38, "T", "SMD", "RX", "", "R", 59.055, 39.37, 0, 0, 0],
		[139, "U6_22", -175.12, -1210.12, "T", "SMD", "TX", "", "R", 59.055, 39.37, 0, 0, 0],
		[140, "U25_1", 410, -399.96, "T", "DIP", "MOSI_H", "", "R", 60, 60, 39.37, 39.37, 90],
		[141, "U25_1", 410, -399.96, "B", "DIP", "MOSI_H", "", "R", 60, 60, 39.37, 39.37, 90],
		[142, "U25_2", 410, -321.22, "T", "DIP", "MISO_H", "", "C", 60, 60, 39.37, 39.37, 90],
		[143, "U25_2", 410, -321.22, "B", "DIP", "MISO_H", "", "C", 60, 60, 39.37, 39.37, 90],
		[144, "U25_3", 410, -242.48, "T", "DIP", "SCK_H", "", "C", 60, 60, 39.37, 39.37, 90],
		[145, "U25_3", 410, -242.48, "B", "DIP", "SCK_H", "", "C", 60, 60, 39.37, 39.37, 90],
		[146, "U25_4", 410, -163.74, "T", "DIP", "SDA", "", "C", 60, 60, 39.37, 39.37, 90],
		[147, "U25_4", 410, -163.74, "B", "DIP", "SDA", "", "C", 60, 60, 39.37, 39.37, 90],
		[148, "U25_5", 410, -85, "T", "DIP", "SCL", "", "C", 60, 60, 39.37, 39.37, 90],
		[149, "U25_5", 410, -85, "B", "DIP", "SCL", "", "C", 60, 60, 39.37, 39.37, 90],
		[150, "U25_6", 410, -6.26, "T", "DIP", "P9", "", "C", 60, 60, 39.37, 39.37, 90],
		[151, "U25_6", 410, -6.26, "B", "DIP", "P9", "", "C", 60, 60, 39.37, 39.37, 90],
		[152, "U25_7", 410, 72.48, "T", "DIP", "P10", "", "C", 60, 60, 39.37, 39.37, 90],
		[153, "U25_7", 410, 72.48, "B", "DIP", "P10", "", "C", 60, 60, 39.37, 39.37, 90],
		[154, "U25_8", 410, 151.22, "T", "DIP", "P12", "", "C", 60, 60, 39.37, 39.37, 90],
		[155, "U25_8", 410, 151.22, "B", "DIP", "P12", "", "C", 60, 60, 39.37, 39.37, 90],
		[156, "U25_9", 410, 229.96, "T", "DIP", "P13", "", "C", 60, 60, 39.37, 39.37, 90],
		[157, "U25_9", 410, 229.96, "B", "DIP", "P13", "", "C", 60, 60, 39.37, 39.37, 90],
		[158, "U26_1", 490, -399.96, "T", "DIP", "P14", "", "R", 60, 60, 39.37, 39.37, 90],
		[159, "U26_1", 490, -399.96, "B", "DIP", "P14", "", "R", 60, 60, 39.37, 39.37, 90],
		[160, "U26_2", 490, -321.22, "T", "DIP", "P16", "", "C", 60, 60, 39.37, 39.37, 90],
		[161, "U26_2", 490, -321.22, "B", "DIP", "P16", "", "C", 60, 60, 39.37, 39.37, 90],
		[162, "U26_3", 490, -242.48, "T", "DIP", "RX", "", "C", 60, 60, 39.37, 39.37, 90],
		[163, "U26_3", 490, -242.48, "B", "DIP", "RX", "", "C", 60, 60, 39.37, 39.37, 90],
		[164, "U26_4", 490, -163.74, "T", "DIP", "TX", "", "C", 60, 60, 39.37, 39.37, 90],
		[165, "U26_4", 490, -163.74, "B", "DIP", "TX", "", "C", 60, 60, 39.37, 39.37, 90],
		[166, "U26_5", 490, -85, "T", "DIP", "GND", "GND", "C", 60, 60, 39.37, 39.37, 90],
		[167, "U26_5", 490, -85, "B", "DIP", "GND", "GND", "C", 60, 60, 39.37, 39.37, 90],
		[168, "U26_6", 490, -6.26, "T", "DIP", "+3.3V", "", "C", 60, 60, 39.37, 39.37, 90],
		[169, "U26_6", 490, -6.26, "B", "DIP", "+3.3V", "", "C", 60, 60, 39.37, 39.37, 90],
		[170, "U26_7", 490, 72.48, "T", "DIP", "GND", "GND", "C", 60, 60, 39.37, 39.37, 90],
		[171, "U26_7", 490, 72.48, "B", "DIP", "GND", "GND", "C", 60, 60, 39.37, 39.37, 90],
		[172, "U26_8", 490, 151.22, "T", "DIP", "+3.3V", "", "C", 60, 60, 39.37, 39.37, 90],
		[173, "U26_8", 490, 151.22, "B", "DIP", "+3.3V", "", "C", 60, 60, 39.37, 39.37, 90],
		[174, "U26_9", 490, 229.96, "T", "DIP", "+5V", "", "C", 60, 60, 39.37, 39.37, 90],
		[175, "U26_9", 490, 229.96, "B", "DIP", "+5V", "", "C", 60, 60, 39.37, 39.37, 90],
		[176, "U27_1", -518.07, -945.63, "T", "SMD", "D+", "", "O", 11.024, 63.78, 0, 0, 270],
		[177, "U27_2", -518.07, -965.32, "T", "SMD", "D-", "", "O", 11.024, 63.78, 0, 0, 270],
		[178, "U27_3", -518.07, -985, "T", "SMD", "GND", "GND", "O", 11.024, 63.78, 0, 0, 270],
		[179, "U27_4", -518.07, -1004.69, "T", "SMD", "NET_8", "", "O", 11.024, 63.78, 0, 0, 270],
		[180, "U27_5", -518.07, -1024.37, "T", "SMD", "NET_9", "", "O", 11.024, 63.78, 0, 0, 270],
		[181, "U27_6", -351.93, -1024.37, "T", "SMD", "NET_10", "", "O", 11.024, 63.78, 0, 0, 270],
		[182, "U27_7", -351.93, -1004.69, "T", "SMD", "+5V", "", "O", 11.024, 63.78, 0, 0, 270],
		[183, "U27_8", -351.93, -985, "T", "SMD", "TX", "", "O", 11.024, 63.78, 0, 0, 270],
		[184, "U27_9", -351.93, -965.32, "T", "SMD", "RX", "", "O", 11.024, 63.78, 0, 0, 270],
		[185, "U27_10", -351.93, -945.63, "T", "SMD", "+3.3V", "", "O", 11.024, 63.78, 0, 0, 270],
		[186, "U28_1", -675.0525, -128.5635, "T", "SMD", "GND", "GND", "R", 98.425, 43.307, 0, 0, 0],
		[187, "U28_2", -675.0525, -38.0135, "T", "SMD", "+5V", "", "R", 98.425, 43.307, 0, 0, 0],
		[188, "U28_3", -675.0525, 52.5365, "T", "SMD", "$1N11147", "", "R", 98.425, 43.307, 0, 0, 0],
		[189, "U28_4", -908.9125, -38.0135, "T", "SMD", "+5V", "", "R", 92.126, 141.732, 0, 0, 0],
		[190, "USB1_1", -689.63, -804.92, "T", "DIP", "GND", "GND", "O", 39.37, 82.677, 23.622, 66.93, 270],
		[191, "USB1_1", -689.63, -804.92, "B", "DIP", "GND", "GND", "O", 39.37, 82.677, 23.622, 66.93, 270],
		[192, "USB1_2", -689.63, -1145.08, "T", "DIP", "GND", "GND", "O", 39.37, 82.677, 23.622, 66.93, 270],
		[193, "USB1_2", -689.63, -1145.08, "B", "DIP", "GND", "GND", "O", 39.37, 82.677, 23.622, 66.93, 270],
		[194, "USB1_3", -853.01, -804.92, "T", "DIP", "GND", "GND", "O", 39.37, 70.866, 23.622, 55.118, 270],
		[195, "USB1_3", -853.01, -804.92, "B", "DIP", "GND", "GND", "O", 39.37, 70.866, 23.622, 55.118, 270],
		[196, "USB1_4", -853.01, -1145.08, "T", "DIP", "GND", "GND", "O", 39.37, 70.866, 23.622, 55.118, 270],
		[197, "USB1_4", -853.01, -1145.08, "B", "DIP", "GND", "GND", "O", 39.37, 70.866, 23.622, 55.118, 270],
		[198, "USB1_A1B12", -666.99, -849.01, "T", "SMD", "GND", "GND", "R", 23.622, 45.276, 0, 0, 270],
		[199, "USB1_A4B9", -666.99, -880.51, "T", "SMD", "VBUS", "", "R", 23.622, 45.276, 0, 0, 270],
		[200, "USB1_A5", -666.99, -925.79, "T", "SMD", "NET_11", "", "R", 11.811, 45.276, 0, 0, 270],
		[201, "USB1_A6", -666.99, -965.16, "T", "SMD", "D+", "", "R", 11.811, 45.276, 0, 0, 270],
		[202, "USB1_A7", -666.99, -984.84, "T", "SMD", "D-", "", "R", 11.811, 45.276, 0, 0, 270],
		[203, "USB1_A8", -666.99, -1024.21, "T", "SMD", "NET_12", "", "R", 11.811, 45.276, 0, 0, 270],
		[204, "USB1_B1A12", -666.99, -1100.98, "T", "SMD", "GND", "GND", "R", 23.622, 45.276, 0, 0, 270],
		[205, "USB1_B4A9", -666.99, -1069.49, "T", "SMD", "VBUS", "", "R", 23.622, 45.276, 0, 0, 270],
		[206, "USB1_B5", -666.99, -1043.9, "T", "SMD", "NET_13", "", "R", 11.811, 45.276, 0, 0, 270],
		[207, "USB1_B6", -666.99, -1004.53, "T", "SMD", "D+", "", "R", 11.811, 45.276, 0, 0, 270],
		[208, "USB1_B7", -666.99, -945.47, "T", "SMD", "D-", "", "R", 11.811, 45.276, 0, 0, 270],
		[209, "USB1_B8", -666.99, -906.1, "T", "SMD", "NET_14", "", "R", 11.811, 45.276, 0, 0, 270],
		[210, "PAD1_2", -246.6555, 806.8485, "T", "SMD", "+3.3V", "", "R", 31.496, 35.433, 0, 0, 270],
		[211, "PAD2_1", -246.6555, 861.9685, "T", "SMD", "GND", "GND", "R", 31.496, 35.433, 0, 0, 270],
		[212, "PAD3_1", -126.6195, 980.0025, "T", "SMD", "GND", "GND", "R", 86.614, 55.118, 0, 0, 0],
		[213, "PAD4_2", -126.6195, 901.2625, "T", "SMD", "GND", "GND", "R", 86.614, 55.118, 0, 0, 0],
		[214, "PAD5_3", -126.6195, 822.5225, "T", "SMD", "+3.3V", "", "R", 86.614, 55.118, 0, 0, 0],
		[215, "PAD6_4", -126.6195, 743.7825, "T", "SMD", "RES", "", "R", 86.614, 55.118, 0, 0, 0],
		[216, "PAD7_9", 503.3005, 428.8225, "T", "SMD", "GND", "GND", "R", 86.614, 55.118, 0, 0, 0],
		[217, "PAD8_12", 503.3005, 665.0425, "T", "SMD", "SCK", "", "R", 86.614, 55.118, 0, 0, 0],
		[218, "PAD9_13", 503.3005, 743.7825, "T", "SMD", "MISO", "", "R", 86.614, 55.118, 0, 0, 0],
		[219, "PAD10_14", 503.3005, 822.5225, "T", "SMD", "MOSI", "", "R", 86.614, 55.118, 0, 0, 0],
		[220, "PAD11_15", 503.3005, 901.2025, "T", "SMD", "SS", "", "R", 86.614, 55.118, 0, 0, 0],
		[221, "PAD12_16", 503.3005, 980.0025, "T", "SMD", "GND", "GND", "R", 86.614, 55.118, 0, 0, 0],
		[222, "PAD13_4", -906.927, -314.999, "T", "SMD", "+3.3V", "", "R", 92.126, 141.732, 0, 0, 0],
		[223, "PAD14_3", -673.067, -224.449, "T", "SMD", "+5V", "", "R", 98.425, 43.307, 0, 0, 0],
		[224, "PAD15_2", -673.067, -314.999, "T", "SMD", "+3.3V", "", "R", 98.425, 43.307, 0, 0, 0],
		[225, "PAD16_1", -673.067, -405.549, "T", "SMD", "GND", "GND", "R", 98.425, 43.307, 0, 0, 0],
		[226, "PAD17_2", 540.0435, -778.387, "T", "SMD", "+3.3V", "", "R", 31.496, 35.433, 0, 0, 270],
		[227, "PAD18_1", 540.0435, -723.267, "T", "SMD", "GND", "GND", "R", 31.496, 35.433, 0, 0, 270],
		[228, "PAD19_2", 555, -1214.66, "T", "SMD", "$1N5147", "", "R", 31.751, 34.016, 0, 0, 270],
		[229, "PAD20_1", 555, -1155.34, "T", "SMD", "+3.3V", "", "R", 31.751, 34.016, 0, 0, 270],
		[230, "PAD21_2", 555, -1049.66, "T", "SMD", "$1N5142", "", "R", 31.751, 34.016, 0, 0, 270],
		[231, "PAD22_1", 555, -990.34, "T", "SMD", "+3.3V", "", "R", 31.751, 34.016, 0, 0, 270],
		[232, "PAD23_1", -896.02, -660, "T", "SMD", "GND", "GND", "R", 48.425, 53.543, 0, 0, 0],
		[233, "PAD24_2", -723.98, -660, "T", "SMD", "+3.3V", "", "R", 48.425, 53.543, 0, 0, 0],
		[234, "PAD25_1", -698.98, -1285, "T", "SMD", "$1N5632", "", "R", 48.425, 53.543, 0, 0, 180],
		[235, "PAD26_2", -871.02, -1285, "T", "SMD", "GND", "GND", "R", 48.425, 53.543, 0, 0, 180],
		[236, "PAD27_1", 435.12, -1210.12, "T", "SMD", "$1N5147", "", "R", 59.055, 39.37, 0, 0, 180],
		[237, "PAD28_3", 435.12, -1052.64, "T", "SMD", "$1N5142", "", "R", 59.055, 39.37, 0, 0, 180],
		[238, "PAD29_4", 435.12, -973.9, "T", "SMD", "P16", "", "R", 59.055, 39.37, 0, 0, 180],
		[239, "PAD30_5", 435.12, -895.16, "T", "SMD", "P14", "", "R", 59.055, 39.37, 0, 0, 180],
		[240, "PAD31_6", 435.12, -816.42, "T", "SMD", "P12", "", "R", 59.055, 39.37, 0, 0, 180],
		[241, "PAD32_7", 435.12, -737.68, "T", "SMD", "P13", "", "R", 59.055, 39.37, 0, 0, 180],
		[242, "PAD33_8", 435.12, -658.94, "T", "SMD", "+3.3V", "", "R", 59.055, 39.37, 0, 0, 180],
		[243, "PAD34_9", 326.85, -599.88, "T", "SMD", "SS", "", "R", 59.055, 39.37, 0, 0, 270],
		[244, "PAD35_10", 248.11, -599.88, "T", "SMD", "MISO", "", "R", 59.055, 39.37, 0, 0, 270],
		[245, "PAD36_11", 169.37, -599.88, "T", "SMD", "P9", "", "R", 59.055, 39.37, 0, 0, 270],
		[246, "PAD37_12", 90.63, -599.88, "T", "SMD", "P10", "", "R", 59.055, 39.37, 0, 0, 270],
		[247, "PAD38_13", 11.89, -599.88, "T", "SMD", "MOSI", "", "R", 59.055, 39.37, 0, 0, 270],
		[248, "PAD39_14", -66.85, -599.88, "T", "SMD", "SCK", "", "R", 59.055, 39.37, 0, 0, 270],
		[249, "PAD40_15", -175.12, -658.94, "T", "SMD", "GND", "GND", "R", 59.055, 39.37, 0, 0, 0],
		[250, "PAD41_16", -175.12, -737.68, "T", "SMD", "GND", "GND", "R", 59.055, 39.37, 0, 0, 0],
		[251, "PAD42_17", -175.12, -816.42, "T", "SMD", "RES", "", "R", 59.055, 39.37, 0, 0, 0],
		[252, "PAD43_18", -175.12, -895.16, "T", "SMD", "$1N5632", "", "R", 59.055, 39.37, 0, 0, 0],
		[253, "PAD44_19", -175.12, -973.9, "T", "SMD", "P4", "", "R", 59.055, 39.37, 0, 0, 0],
		[254, "PAD45_20", -175.12, -1052.64, "T", "SMD", "P5", "", "R", 59.055, 39.37, 0, 0, 0],
		[255, "PAD46_21", -175.12, -1131.38, "T", "SMD", "RX", "", "R", 59.055, 39.37, 0, 0, 0],
		[256, "PAD47_22", -175.12, -1210.12, "T", "SMD", "TX", "", "R", 59.055, 39.37, 0, 0, 0],
		[257, "PAD48_1", 410, -399.96, "T", "DIP", "MOSI_H", "", "R", 60, 60, 39.37, 39.37, 90],
		[258, "PAD48_1", 410, -399.96, "B", "DIP", "MOSI_H", "", "R", 60, 60, 39.37, 39.37, 90],
		[259, "PAD49_2", 410, -321.22, "T", "DIP", "MISO_H", "", "C", 60, 60, 39.37, 39.37, 90],
		[260, "PAD49_2", 410, -321.22, "B", "DIP", "MISO_H", "", "C", 60, 60, 39.37, 39.37, 90],
		[261, "PAD50_3", 410, -242.48, "T", "DIP", "SCK_H", "", "C", 60, 60, 39.37, 39.37, 90],
		[262, "PAD50_3", 410, -242.48, "B", "DIP", "SCK_H", "", "C", 60, 60, 39.37, 39.37, 90],
		[263, "PAD51_4", 410, -163.74, "T", "DIP", "SDA", "", "C", 60, 60, 39.37, 39.37, 90],
		[264, "PAD51_4", 410, -163.74, "B", "DIP", "SDA", "", "C", 60, 60, 39.37, 39.37, 90],
		[265, "PAD52_5", 410, -85, "T", "DIP", "SCL", "", "C", 60, 60, 39.37, 39.37, 90],
		[266, "PAD52_5", 410, -85, "B", "DIP", "SCL", "", "C", 60, 60, 39.37, 39.37, 90],
		[267, "PAD53_6", 410, -6.26, "T", "DIP", "P9", "", "C", 60, 60, 39.37, 39.37, 90],
		[268, "PAD53_6", 410, -6.26, "B", "DIP", "P9", "", "C", 60, 60, 39.37, 39.37, 90],
		[269, "PAD54_7", 410, 72.48, "T", "DIP", "P10", "", "C", 60, 60, 39.37, 39.37, 90],
		[270, "PAD54_7", 410, 72.48, "B", "DIP", "P10", "", "C", 60, 60, 39.37, 39.37, 90],
		[271, "PAD55_8", 410, 151.22, "T", "DIP", "P12", "", "C", 60, 60, 39.37, 39.37, 90],
		[272, "PAD55_8", 410, 151.22, "B", "DIP", "P12", "", "C", 60, 60, 39.37, 39.37, 90],
		[273, "PAD56_9", 410, 229.96, "T", "DIP", "P13", "", "C", 60, 60, 39.37, 39.37, 90],
		[274, "PAD56_9", 410, 229.96, "B", "DIP", "P13", "", "C", 60, 60, 39.37, 39.37, 90],
		[275, "PAD57_1", 490, -399.96, "T", "DIP", "P14", "", "R", 60, 60, 39.37, 39.37, 90],
		[276, "PAD57_1", 490, -399.96, "B", "DIP", "P14", "", "R", 60, 60, 39.37, 39.37, 90],
		[277, "PAD58_2", 490, -321.22, "T", "DIP", "P16", "", "C", 60, 60, 39.37, 39.37, 90],
		[278, "PAD58_2", 490, -321.22, "B", "DIP", "P16", "", "C", 60, 60, 39.37, 39.37, 90],
		[279, "PAD59_3", 490, -242.48, "T", "DIP", "RX", "", "C", 60, 60, 39.37, 39.37, 90],
		[280, "PAD59_3", 490, -242.48, "B", "DIP", "RX", "", "C", 60, 60, 39.37, 39.37, 90],
		[281, "PAD60_4", 490, -163.74, "T", "DIP", "TX", "", "C", 60, 60, 39.37, 39.37, 90],
		[282, "PAD60_4", 490, -163.74, "B", "DIP", "TX", "", "C", 60, 60, 39.37, 39.37, 90],
		[283, "PAD61_5", 490, -85, "T", "DIP", "GND", "GND", "C", 60, 60, 39.37, 39.37, 90],
		[284, "PAD61_5", 490, -85, "B", "DIP", "GND", "GND", "C", 60, 60, 39.37, 39.37, 90],
		[285, "PAD62_6", 490, -6.26, "T", "DIP", "+3.3V", "", "C", 60, 60, 39.37, 39.37, 90],
		[286, "PAD62_6", 490, -6.26, "B", "DIP", "+3.3V", "", "C", 60, 60, 39.37, 39.37, 90],
		[287, "PAD63_7", 490, 72.48, "T", "DIP", "GND", "GND", "C", 60, 60, 39.37, 39.37, 90],
		[288, "PAD63_7", 490, 72.48, "B", "DIP", "GND", "GND", "C", 60, 60, 39.37, 39.37, 90],
		[289, "PAD64_8", 490, 151.22, "T", "DIP", "+3.3V", "", "C", 60, 60, 39.37, 39.37, 90],
		[290, "PAD64_8", 490, 151.22, "B", "DIP", "+3.3V", "", "C", 60, 60, 39.37, 39.37, 90],
		[291, "PAD65_9", 490, 229.96, "T", "DIP", "+5V", "", "C", 60, 60, 39.37, 39.37, 90],
		[292, "PAD65_9", 490, 229.96, "B", "DIP", "+5V", "", "C", 60, 60, 39.37, 39.37, 90],
		[293, "PAD66_2", 610, -777.56, "T", "SMD", "+3.3V", "", "R", 31.496, 35.433, 0, 0, 270],
		[294, "PAD67_1", 610, -722.44, "T", "SMD", "GND", "GND", "R", 31.496, 35.433, 0, 0, 270],
		[295, "PAD68_2", -537.44, -635, "T", "SMD", "+5V", "", "R", 31.496, 35.433, 0, 0, 0],
		[296, "PAD69_1", -592.56, -635, "T", "SMD", "GND", "GND", "R", 31.496, 35.433, 0, 0, 0],
		[297, "PAD70_2", -315, 807.44, "T", "SMD", "+3.3V", "", "R", 31.496, 35.433, 0, 0, 270],
		[298, "PAD71_1", -315, 862.56, "T", "SMD", "GND", "GND", "R", 31.496, 35.433, 0, 0, 270],
		[299, "PAD72_2", -407.44, -855, "T", "SMD", "+3.3V", "", "R", 31.496, 35.433, 0, 0, 0],
		[300, "PAD73_1", -462.56, -855, "T", "SMD", "GND", "GND", "R", 31.496, 35.433, 0, 0, 0],
		[301, "PAD74_2", -562.56, -280, "T", "SMD", "+5V", "", "R", 31.496, 35.433, 0, 0, 180],
		[302, "PAD75_1", -507.44, -280, "T", "SMD", "GND", "GND", "R", 31.496, 35.433, 0, 0, 180],
		[303, "PAD76_2", -562.56, -350, "T", "SMD", "+3.3V", "", "R", 31.496, 35.433, 0, 0, 180],
		[304, "PAD77_1", -507.44, -350, "T", "SMD", "GND", "GND", "R", 31.496, 35.433, 0, 0, 180],
		[305, "PAD78_2", -559.0978, -62.5667, "T", "SMD", "+5V", "", "R", 31.496, 35.433, 0, 0, 180],
		[306, "PAD79_1", -503.9778, -62.5667, "T", "SMD", "GND", "GND", "R", 31.496, 35.433, 0, 0, 180],
		[307, "PAD80_2", -559.0978, 7.4333, "T", "SMD", "$1N11147", "", "R", 31.496, 35.433, 0, 0, 180],
		[308, "PAD81_1", -503.9778, 7.4333, "T", "SMD", "GND", "GND", "R", 31.496, 35.433, 0, 0, 180],
		[309, "PAD82_2", -896.61, 210, "T", "SMD", "$1N14428", "", "R", 78.74, 78.74, 0, 0, 0],
		[310, "PAD83_1", -723.39, 210, "T", "SMD", "$1N11147", "", "R", 78.74, 78.74, 0, 0, 0],
		[311, "PAD84_1", -518.541, 555.119, "T", "DIP", "$1N14428", "", "O", 74.803, 59.055, 35.434, 51.182, 90],
		[312, "PAD84_1", -518.541, 555.119, "B", "DIP", "$1N14428", "", "O", 74.803, 59.055, 35.434, 51.182, 90],
		[313, "PAD85_2", -711.461, 555.119, "T", "DIP", "GND", "GND", "O", 74.803, 59.055, 35.434, 51.182, 90],
		[314, "PAD85_2", -711.461, 555.119, "B", "DIP", "GND", "GND", "O", 74.803, 59.055, 35.434, 51.182, 90],
		[315, "PAD86_3", -620.901, 444.879, "T", "DIP", "GND", "GND", "O", 74.803, 59.055, 35.434, 51.182, 180],
		[316, "PAD86_3", -620.901, 444.879, "B", "DIP", "GND", "GND", "O", 74.803, 59.055, 35.434, 51.182, 180],
		[317, "PAD87_2", -540.34, -705, "T", "SMD", "+5V", "", "R", 31.751, 34.016, 0, 0, 0],
		[318, "PAD88_1", -599.66, -705, "T", "SMD", "VBUS", "", "R", 31.751, 34.016, 0, 0, 0],
		[319, "PAD89_3", -328.54, -1143.27, "T", "SMD", "$1N9520", "", "R", 33.465, 23.622, 0, 0, 180],
		[320, "PAD90_2", -328.54, -1176.73, "T", "SMD", "$1N9518", "", "R", 33.465, 23.622, 0, 0, 180],
		[321, "PAD91_4", -271.46, -1143.27, "T", "SMD", "RX", "", "R", 33.465, 23.622, 0, 0, 180],
		[322, "PAD92_1", -271.46, -1176.73, "T", "SMD", "TX", "", "R", 33.465, 23.622, 0, 0, 180],
		[323, "PAD93_2", -459.66, -1195, "T", "SMD", "+5V", "", "R", 31.751, 34.016, 0, 0, 180],
		[324, "PAD94_1", -400.34, -1195, "T", "SMD", "$1N9518", "", "R", 31.751, 34.016, 0, 0, 180],
		[325, "PAD95_2", -459.66, -1135, "T", "SMD", "+5V", "", "R", 31.751, 34.016, 0, 0, 180],
		[326, "PAD96_1", -400.34, -1135, "T", "SMD", "$1N9520", "", "R", 31.751, 34.016, 0, 0, 180],
		[327, "PAD97_1", -518.07, -945.63, "T", "SMD", "D+", "", "O", 11.024, 63.78, 0, 0, 270],
		[328, "PAD98_2", -518.07, -965.32, "T", "SMD", "D-", "", "O", 11.024, 63.78, 0, 0, 270],
		[329, "PAD99_3", -518.07, -985, "T", "SMD", "GND", "GND", "O", 11.024, 63.78, 0, 0, 270],
		[330, "PAD100_10", -351.93, -945.63, "T", "SMD", "+3.3V", "", "O", 11.024, 63.78, 0, 0, 270],
		[331, "PAD101_9", -351.93, -965.32, "T", "SMD", "RX", "", "O", 11.024, 63.78, 0, 0, 270],
		[332, "PAD102_8", -351.93, -985, "T", "SMD", "TX", "", "O", 11.024, 63.78, 0, 0, 270],
		[333, "PAD103_7", -351.93, -1004.69, "T", "SMD", "+5V", "", "O", 11.024, 63.78, 0, 0, 270],
		[334, "PAD104_4", -908.9125, -38.0135, "T", "SMD", "+5V", "", "R", 92.126, 141.732, 0, 0, 0],
		[335, "PAD105_3", -675.0525, 52.5365, "T", "SMD", "$1N11147", "", "R", 98.425, 43.307, 0, 0, 0],
		[336, "PAD106_2", -675.0525, -38.0135, "T", "SMD", "+5V", "", "R", 98.425, 43.307, 0, 0, 0],
		[337, "PAD107_1", -675.0525, -128.5635, "T", "SMD", "GND", "GND", "R", 98.425, 43.307, 0, 0, 0],
		[338, "PAD108_A1B12", -666.99, -849.01, "T", "SMD", "GND", "GND", "R", 23.622, 45.276, 0, 0, 270],
		[339, "PAD109_A4B9", -666.99, -880.51, "T", "SMD", "VBUS", "", "R", 23.622, 45.276, 0, 0, 270],
		[340, "PAD110_B1A12", -666.99, -1100.98, "T", "SMD", "GND", "GND", "R", 23.622, 45.276, 0, 0, 270],
		[341, "PAD111_B4A9", -666.99, -1069.49, "T", "SMD", "VBUS", "", "R", 23.622, 45.276, 0, 0, 270],
		[342, "PAD112_B6", -666.99, -1004.53, "T", "SMD", "D+", "", "R", 11.811, 45.276, 0, 0, 270],
		[343, "PAD113_A7", -666.99, -984.84, "T", "SMD", "D-", "", "R", 11.811, 45.276, 0, 0, 270],
		[344, "PAD114_A6", -666.99, -965.16, "T", "SMD", "D+", "", "R", 11.811, 45.276, 0, 0, 270],
		[345, "PAD115_B7", -666.99, -945.47, "T", "SMD", "D-", "", "R", 11.811, 45.276, 0, 0, 270],
		[346, "PAD116_4", -853.01, -1145.08, "T", "DIP", "GND", "GND", "O", 39.37, 70.866, 23.622, 55.118, 270],
		[347, "PAD116_4", -853.01, -1145.08, "B", "DIP", "GND", "GND", "O", 39.37, 70.866, 23.622, 55.118, 270],
		[348, "PAD117_3", -853.01, -804.92, "T", "DIP", "GND", "GND", "O", 39.37, 70.866, 23.622, 55.118, 270],
		[349, "PAD117_3", -853.01, -804.92, "B", "DIP", "GND", "GND", "O", 39.37, 70.866, 23.622, 55.118, 270],
		[350, "PAD118_2", -689.63, -1145.08, "T", "DIP", "GND", "GND", "O", 39.37, 82.677, 23.622, 66.93, 270],
		[351, "PAD118_2", -689.63, -1145.08, "B", "DIP", "GND", "GND", "O", 39.37, 82.677, 23.622, 66.93, 270],
		[352, "PAD119_1", -689.63, -804.92, "T", "DIP", "GND", "GND", "O", 39.37, 82.677, 23.622, 66.93, 270],
		[353, "PAD119_1", -689.63, -804.92, "B", "DIP", "GND", "GND", "O", 39.37, 82.677, 23.622, 66.93, 270],
		[354, "PAD120_1", 130.63, 177.4, "T", "SMD", "+3.3V", "", "R", 49.213, 27.559, 0, 0, 180],
		[355, "PAD121_2", 130.63, 102.6, "T", "SMD", "P5", "", "R", 49.213, 27.559, 0, 0, 180],
		[356, "PAD122_3", 209.37, 140, "T", "SMD", "SCL", "", "R", 49.213, 27.559, 0, 0, 180],
		[357, "PAD123_1", 130.63, 42.4, "T", "SMD", "+3.3V", "", "R", 49.213, 27.559, 0, 0, 180],
		[358, "PAD124_2", 130.63, -32.4, "T", "SMD", "P4", "", "R", 49.213, 27.559, 0, 0, 180],
		[359, "PAD125_3", 209.37, 5, "T", "SMD", "SDA", "", "R", 49.213, 27.559, 0, 0, 180],
		[360, "PAD126_1", 130.63, -92.6, "T", "SMD", "+3.3V", "", "R", 49.213, 27.559, 0, 0, 180],
		[361, "PAD127_2", 130.63, -167.4, "T", "SMD", "MOSI", "", "R", 49.213, 27.559, 0, 0, 180],
		[362, "PAD128_3", 209.37, -130, "T", "SMD", "MOSI_H", "", "R", 49.213, 27.559, 0, 0, 180],
		[363, "PAD129_1", 131.6205, -229.0565, "T", "SMD", "+3.3V", "", "R", 49.213, 27.559, 0, 0, 180],
		[364, "PAD130_2", 131.6205, -303.8565, "T", "SMD", "MISO", "", "R", 49.213, 27.559, 0, 0, 180],
		[365, "PAD131_3", 210.3605, -266.4565, "T", "SMD", "MISO_H", "", "R", 49.213, 27.559, 0, 0, 180],
		[366, "PAD132_1", 130.63, -362.6, "T", "SMD", "+3.3V", "", "R", 49.213, 27.559, 0, 0, 180],
		[367, "PAD133_2", 130.63, -437.4, "T", "SMD", "SCK", "", "R", 49.213, 27.559, 0, 0, 180],
		[368, "PAD134_3", 209.37, -400, "T", "SMD", "SCK_H", "", "R", 49.213, 27.559, 0, 0, 180],
		[369, "PAD135_2", -9.66, 175, "T", "SMD", "+3.3V", "", "R", 31.751, 34.016, 0, 0, 180],
		[370, "PAD136_1", 49.66, 175, "T", "SMD", "P5", "", "R", 31.751, 34.016, 0, 0, 180],
		[371, "PAD137_2", -9.66, 105, "T", "SMD", "+5V", "", "R", 31.751, 34.016, 0, 0, 180],
		[372, "PAD138_1", 49.66, 105, "T", "SMD", "SCL", "", "R", 31.751, 34.016, 0, 0, 180],
		[373, "PAD139_2", -9.66, 30, "T", "SMD", "+3.3V", "", "R", 31.751, 34.016, 0, 0, 180],
		[374, "PAD140_1", 49.66, 30, "T", "SMD", "P4", "", "R", 31.751, 34.016, 0, 0, 180],
		[375, "PAD141_2", -9.66, -40, "T", "SMD", "+5V", "", "R", 31.751, 34.016, 0, 0, 180],
		[376, "PAD142_1", 49.66, -40, "T", "SMD", "SDA", "", "R", 31.751, 34.016, 0, 0, 180],
		[377, "PAD143_2", -9.66, -105, "T", "SMD", "+3.3V", "", "R", 31.751, 34.016, 0, 0, 180],
		[378, "PAD144_1", 49.66, -105, "T", "SMD", "MOSI", "", "R", 31.751, 34.016, 0, 0, 180],
		[379, "PAD145_2", -9.66, -170, "T", "SMD", "+5V", "", "R", 31.751, 34.016, 0, 0, 180],
		[380, "PAD146_1", 49.66, -170, "T", "SMD", "MOSI_H", "", "R", 31.751, 34.016, 0, 0, 180],
		[381, "PAD147_2", -9.66, -240, "T", "SMD", "+3.3V", "", "R", 31.751, 34.016, 0, 0, 180],
		[382, "PAD148_1", 49.66, -240, "T", "SMD", "MISO", "", "R", 31.751, 34.016, 0, 0, 180],
		[383, "PAD149_2", -9.66, -310, "T", "SMD", "+5V", "", "R", 31.751, 34.016, 0, 0, 180],
		[384, "PAD150_1", 49.66, -310, "T", "SMD", "MISO_H", "", "R", 31.751, 34.016, 0, 0, 180],
		[385, "PAD151_2", -9.66, -375, "T", "SMD", "+3.3V", "", "R", 31.751, 34.016, 0, 0, 180],
		[386, "PAD152_1", 49.66, -375, "T", "SMD", "SCK", "", "R", 31.751, 34.016, 0, 0, 180],
		[387, "PAD153_2", -9.66, -440, "T", "SMD", "+5V", "", "R", 31.751, 34.016, 0, 0, 180],
		[388, "PAD154_1", 49.66, -440, "T", "SMD", "SCK_H", "", "R", 31.751, 34.016, 0, 0, 180],
		[389, "PAD155_3", -443.54, 176.73, "T", "SMD", "$1N12778", "", "R", 33.465, 23.622, 0, 0, 180],
		[390, "PAD156_2", -443.54, 143.27, "T", "SMD", "$1N12736", "", "R", 33.465, 23.622, 0, 0, 180],
		[391, "PAD157_4", -386.46, 176.73, "T", "SMD", "GND", "GND", "R", 33.465, 23.622, 0, 0, 180],
		[392, "PAD158_1", -386.46, 143.27, "T", "SMD", "GND", "GND", "R", 33.465, 23.622, 0, 0, 180],
		[393, "PAD159_2", -559.66, 125, "T", "SMD", "+5V", "", "R", 31.751, 34.016, 0, 0, 180],
		[394, "PAD160_1", -500.34, 125, "T", "SMD", "$1N12736", "", "R", 31.751, 34.016, 0, 0, 180],
		[395, "PAD161_2", -559.66, 185, "T", "SMD", "+3.3V", "", "R", 31.751, 34.016, 0, 0, 180],
		[396, "PAD162_1", -500.34, 185, "T", "SMD", "$1N12778", "", "R", 31.751, 34.016, 0, 0, 180],
		[397, "PAD163_1", -882.2, 1084.4445, "T", "DIP", "GND", "GND", "C", 118.1102, 118.1102, 78.7402, 78.7402, 0],
		[398, "PAD163_1", -882.2, 1084.4445, "B", "DIP", "GND", "GND", "C", 118.1102, 118.1102, 78.7402, 78.7402, 0],
		[399, "PAD164_1", 593.085, 1084.4445, "T", "DIP", "GND", "GND", "C", 118.1102, 118.1102, 78.7402, 78.7402, 0],
		[400, "PAD164_1", 593.085, 1084.4445, "B", "DIP", "GND", "GND", "C", 118.1102, 118.1102, 78.7402, 78.7402, 0],
		[401, "PAD165_1", -880, -1490, "T", "DIP", "GND", "GND", "C", 118.1102, 118.1102, 78.7402, 78.7402, 0],
		[402, "PAD165_1", -880, -1490, "B", "DIP", "GND", "GND", "C", 118.1102, 118.1102, 78.7402, 78.7402, 0],
		[403, "PAD166_1", 588.655, -1490.5555, "T", "DIP", "GND", "GND", "C", 118.1102, 118.1102, 78.7402, 78.7402, 0],
		[404, "PAD166_1", 588.655, -1490.5555, "B", "DIP", "GND", "GND", "C", 118.1102, 118.1102, 78.7402, 78.7402, 0]
	]
}
}